timestamp,open,high,low,close,volume
2019-04-18,6.9800,7.2100,6.8700,7.0600,2021308910
2019-04-12,6.9900,7.0400,6.8000,6.9300,1529966025
2019-04-04,6.8000,6.9900,6.8000,6.9600,1555700236
2019-03-29,6.8100,6.8700,6.7300,6.7300,1875565460
2019-03-22,7.0300,7.0900,6.9100,6.9400,1356427934
2019-03-15,6.9500,7.0900,6.8700,7.0000,1372608296
2019-03-08,7.0000,7.1600,6.8900,6.8900,2112608627
2019-03-01,6.9600,7.1700,6.8800,6.9900,2790731806
2019-02-22,6.8800,7.0000,6.8400,6.9400,1527218047
2019-02-15,6.9500,7.0200,6.8000,6.8000,1230049571
2019-02-08,6.8500,6.9300,6.7900,6.9100,258113143
2019-02-04,7.0500,7.0600,6.9300,6.9500,147438236
2019-02-01,6.8700,7.1000,6.8200,7.0000,1653418609
2019-01-25,6.6300,6.8300,6.6100,6.8200,1353843185
2019-01-18,6.5300,6.6600,6.4500,6.6300,1380851519
2019-01-11,6.4700,6.6300,6.3700,6.5800,1483766164
2019-01-04,6.4100,6.4700,6.2200,6.4100,865451257
2018-12-28,6.3800,6.4200,6.3100,6.3600,291632844
2018-12-24,6.2500,6.4100,6.2400,6.3500,202339786
2018-12-21,6.4300,6.5000,6.2300,6.3600,1307210919
2018-12-14,6.4000,6.6400,6.3300,6.4400,1235507715
2018-12-07,6.8500,6.8800,6.4300,6.4900,1509276300
2018-11-30,6.5400,6.7800,6.4900,6.6700,1274229823
2018-11-23,6.5600,6.6000,6.3600,6.4800,733147246
2018-11-16,6.3900,6.5300,6.2300,6.5300,1027028983
2018-11-09,6.4500,6.6500,6.3700,6.4300,1455033525
2018-11-02,6.2600,6.6200,6.1000,6.5800,1964416610
2018-10-26,6.2500,6.4200,6.1000,6.1700,1815714426
2018-10-19,6.2100,6.2800,6.0200,6.2000,1067402321
2018-10-12,6.4700,6.4700,6.0300,6.2100,1929384415
2018-10-05,6.7800,6.8600,6.3600,6.3800,1240852767
2018-09-28,6.8000,6.9500,6.7500,6.8400,1158193312
2018-09-21,6.5900,6.9500,6.4400,6.9000,1435584653
2018-09-14,6.6700,6.6800,6.3300,6.6100,1559790358
2018-09-07,6.9000,7.0000,6.5800,6.6700,1703888018
2018-08-31,7.0000,7.2000,6.8900,6.9500,1491929013
2018-08-24,6.7600,6.9900,6.7600,6.9100,1069632682
2018-08-17,6.8700,6.9700,6.6600,6.7900,1373382613
2018-08-10,7.0000,7.1400,6.9300,7.0200,1224215040
2018-08-03,7.0500,7.2200,6.8400,6.9500,1402159692
2018-07-27,6.8900,7.2900,6.8300,7.1100,1855111514
2018-07-20,6.9200,7.0000,6.6100,6.8600,1589375588
2018-07-13,6.9000,7.0500,6.7700,6.9500,1667606153
2018-07-06,7.0600,7.2800,6.9500,7.1500,1854327301
2018-06-29,7.3000,7.4400,7.0000,7.2500,2269223223
2018-06-22,7.5300,7.7000,7.3300,7.3800,2013401679
2018-06-15,8.0900,8.1300,7.7900,7.7900,1733128817
2018-06-08,8.0600,8.2800,8.0100,8.0800,1497419502
2018-06-01,8.1400,8.1400,7.8000,7.9600,2423719095
2018-05-25,8.2100,8.3200,8.0300,8.0800,952663109
2018-05-18,8.2900,8.5000,8.1000,8.1700,1334941971
2018-05-11,7.9900,8.2400,7.9200,8.2000,1050129274
2018-05-04,8.1500,8.3300,7.9700,7.9900,1193772281
2018-04-27,8.0300,8.2500,7.9900,8.0800,1236757725
2018-04-20,8.1700,8.1800,7.8500,8.0600,1596269198
2018-04-13,8.0600,8.2500,7.9000,8.1700,1566708171
2018-04-06,8.0500,8.1600,7.8100,7.9300,823404999
2018-03-29,8.0900,8.3500,7.9500,8.0600,1397123091
2018-03-23,8.5000,8.6000,7.9000,8.0900,1819617514
2018-03-16,8.4000,8.7200,8.3200,8.5000,2199777110
2018-03-09,7.9500,8.2500,7.7500,8.2000,2056094301
2018-03-02,8.5400,8.6200,7.9400,8.0000,2612288000
2018-02-23,8.5000,8.6000,8.2500,8.4400,1560733453
2018-02-15,7.8000,8.4900,7.6200,8.4800,2034912204
2018-02-09,8.6000,9.0900,7.6000,7.7200,4184891348
2018-02-02,9.1500,9.3900,8.6700,8.9500,3123223021
2018-01-26,8.4000,9.0800,8.3100,9.0500,3412781538
2018-01-19,7.8200,8.4800,7.7400,8.4800,2932520249
2018-01-12,7.6100,7.7800,7.5200,7.7800,1662481206
2018-01-05,7.2500,7.6300,7.2400,7.6100,1752198686
2017-12-29,7.1000,7.2100,7.0800,7.2000,903395153
2017-12-22,6.8800,7.0500,6.8700,7.0500,1338826145
2017-12-15,6.6500,7.0300,6.6400,6.9000,2194039306
2017-12-08,6.7800,6.8700,6.6100,6.6500,1333524160
2017-12-01,7.0300,7.0400,6.7800,6.8100,1308548099
2017-11-24,6.8000,7.0800,6.7300,7.0100,1619230401
2017-11-17,6.8100,6.9300,6.6800,6.8100,1255074017
2017-11-10,6.8300,6.9400,6.7200,6.8300,1297938371
2017-11-03,7.1000,7.1200,6.8500,6.8500,1366710706
2017-10-27,6.9400,7.0700,6.7700,6.9900,1397813976
2017-10-20,7.0500,7.1000,6.7700,6.9300,1418289668
2017-10-13,6.8900,7.0300,6.8100,6.9600,1469414442
2017-10-06,6.5900,7.0700,6.5900,6.8800,1471204132
2017-09-29,6.6000,6.6000,6.4500,6.4800,1176164248
2017-09-22,6.7000,6.7300,6.6000,6.6200,1032217391
2017-09-15,6.7800,6.8400,6.5500,6.6300,1245822069
2017-09-08,6.7800,6.8400,6.6700,6.7300,1051076569
2017-09-01,6.9900,7.1000,6.8000,6.8100,1869700891
2017-08-25,6.5200,6.9900,6.5100,6.9700,1484540648
2017-08-18,6.4000,6.7200,6.3700,6.5100,1723841327
2017-08-11,6.6500,6.7000,6.3200,6.3400,1796826043
2017-08-04,6.5000,6.6500,6.4800,6.6000,1360852735
2017-07-28,6.3600,6.5800,6.3500,6.4700,1460172655
2017-07-21,6.4700,6.4800,6.3200,6.3500,938099131
2017-07-14,5.9600,6.4800,5.9100,6.4000,1844093958
2017-07-07,6.0300,6.0900,5.9200,5.9300,1134306516
2017-06-30,6.1500,6.1900,6.0000,6.0500,1082209172
2017-06-23,6.4200,6.5200,6.1000,6.1100,1232684107
2017-06-16,6.4300,6.4800,6.3400,6.3900,1172727247
2017-06-09,6.6900,6.7100,6.4300,6.4600,1802152811
2017-06-02,6.4700,6.6500,6.4300,6.6000,1176372548
2017-05-26,6.3600,6.5200,6.2600,6.4600,1293641589
2017-05-19,6.4100,6.4800,6.3000,6.3200,1040230818
2017-05-12,6.2300,6.4000,6.1300,6.3700,1057334575
2017-05-05,6.3600,6.3700,6.1500,6.1600,596075433
2017-04-28,6.2200,6.4100,6.1700,6.3200,1037952638
2017-04-21,6.2600,6.3000,6.0800,6.1800,853590337
2017-04-13,6.2200,6.3000,6.1400,6.2600,767504980
2017-04-07,6.3000,6.3500,6.1400,6.2300,1064278941
2017-03-31,6.3400,6.4700,6.2500,6.2500,1283495076
2017-03-24,6.4100,6.5500,6.3400,6.3900,1275423349
2017-03-17,6.1000,6.4500,6.0500,6.4400,1785421997
2017-03-10,6.1500,6.2400,6.0100,6.0500,1257208015
2017-03-03,6.4300,6.4500,6.1500,6.1500,1767297016
2017-02-24,6.3500,6.4700,6.2800,6.4100,1766412897
2017-02-17,5.9200,6.4500,5.9100,6.3500,3034509067
2017-02-10,5.8100,5.9700,5.7200,5.9100,1830977582
2017-02-03,5.8000,5.8500,5.7200,5.7600,612552732
2017-01-27,5.8200,5.8600,5.6900,5.8000,1293389733
2017-01-20,5.8600,5.8700,5.7700,5.7900,1171451495
2017-01-13,5.8300,5.9500,5.7700,5.8700,1264725783
2017-01-06,5.9100,5.9400,5.7900,5.8300,1063231396
2016-12-30,5.6000,5.9800,5.5300,5.9700,2950843203
2016-12-23,5.5400,5.6400,5.4200,5.6200,1371301684
2016-12-16,5.8800,5.9200,5.5200,5.5500,1658188690
2016-12-09,5.7500,5.9300,5.7400,5.8800,1098194095
2016-12-02,5.7600,5.9100,5.7200,5.8000,2061843903
2016-11-25,5.5000,5.7700,5.4400,5.7500,1494637642
2016-11-18,5.4800,5.5700,5.4300,5.4800,1167877148
2016-11-11,5.6100,5.7800,5.4200,5.5200,1504958796
2016-11-04,5.6400,5.8000,5.5700,5.6000,855392982
2016-10-28,5.7200,5.8500,5.5800,5.6000,938420298
2016-10-21,5.6500,5.7600,5.5900,5.7200,580604157
2016-10-14,5.9500,5.9700,5.5600,5.6600,1075582132
2016-10-07,5.8700,5.9500,5.7500,5.9200,722131965
2016-09-30,5.8900,5.9000,5.7100,5.7500,1273868995
2016-09-23,5.8200,6.1000,5.8200,5.9300,1374675054
2016-09-15,5.9500,5.9500,5.7500,5.8100,1380237684
2016-09-09,5.9900,6.1400,5.9500,6.1000,1836663432
2016-09-02,5.7700,5.9600,5.7200,5.9300,1819286131
2016-08-26,5.7500,5.8500,5.6700,5.7700,1641367778
2016-08-19,5.6600,5.8000,5.6400,5.7500,2004867245
2016-08-12,5.4200,5.7800,5.3900,5.6900,1935720531
2016-08-05,5.2400,5.3900,5.2200,5.3800,878763727
2016-07-29,5.4800,5.4800,5.1800,5.2000,1952841479
2016-07-22,5.3900,5.4800,5.3500,5.4400,947308901
2016-07-15,5.1900,5.4800,5.1500,5.4100,1901315870
2016-07-08,5.1800,5.2000,4.9800,5.0700,1416428865
2016-06-30,4.7900,5.1400,4.7900,5.1200,1178816672
2016-06-24,5.1000,5.2200,4.7300,4.8800,2216709209
2016-06-17,5.0500,5.1700,4.9800,5.0500,1944934107
2016-06-10,5.1200,5.2400,5.0700,5.1300,1174547492
2016-06-03,4.9100,5.1600,4.9100,5.0900,2008249013
2016-05-27,4.5400,4.9600,4.5400,4.9400,1452404469
2016-05-20,4.6000,4.6600,4.5000,4.5600,1281895670
2016-05-13,4.8000,4.8100,4.6000,4.6200,932341629
2016-05-06,5.0300,5.0300,4.7500,4.7600,912946022
2016-04-29,5.0600,5.1500,4.9300,4.9900,1103097347
2016-04-22,5.0500,5.1300,4.9600,5.0500,1056964867
2016-04-15,4.8300,5.1400,4.8300,5.0700,1284886238
2016-04-08,4.8500,4.8800,4.7500,4.8800,994754189
2016-04-01,4.8200,5.0900,4.8200,4.9100,1129387221
2016-03-24,4.9900,5.0200,4.8400,4.8600,753899232
2016-03-18,4.8600,5.0000,4.8000,5.0000,1102870560
2016-03-11,4.8900,4.8900,4.7200,4.8000,1205719096
2016-03-04,4.5600,4.8200,4.5000,4.7900,1192373157
2016-02-26,4.6300,4.7200,4.5000,4.5800,818461271
2016-02-19,4.3900,4.7200,4.3900,4.6100,1162855112
2016-02-12,4.4000,4.5100,4.3100,4.3100,586608717
2016-02-05,4.7500,4.7800,4.4200,4.6400,1214396384
2016-01-29,4.6200,4.7700,4.4600,4.7300,1500555118
2016-01-22,4.6500,4.7700,4.4800,4.5700,1753830774
2016-01-15,4.9400,5.0100,4.7200,4.7300,1548596582
2016-01-08,5.2700,5.2800,4.9800,5.0200,1527243908
2015-12-31,5.4500,5.4500,5.2800,5.3100,479284329
2015-12-24,5.2500,5.4500,5.2500,5.4300,672022544
2015-12-18,5.0500,5.3700,5.0500,5.2900,1309102466
2015-12-11,5.3600,5.3900,5.1500,5.1600,1086584409
2015-12-04,5.3100,5.4600,5.2700,5.3300,1746848887
2015-11-27,5.6000,5.6200,5.3500,5.3600,1180295393
2015-11-20,5.2900,5.6200,5.2900,5.5900,1032952956
2015-11-13,5.5700,5.7000,5.4200,5.4400,1323352782
2015-11-06,5.5500,5.8500,5.5300,5.6300,1392641115
2015-10-30,5.9500,5.9500,5.6200,5.6300,1177335905
2015-10-23,5.7000,5.8700,5.6800,5.8500,826392518
2015-10-16,5.6900,5.8500,5.5500,5.7500,1233830357
2015-10-09,5.3600,5.8000,5.2700,5.6600,1564451897
2015-10-02,5.0500,5.3000,5.0400,5.2700,1131624758
2015-09-25,5.4600,5.5700,5.2000,5.2400,1542769182
2015-09-18,5.4900,5.6800,5.3700,5.5800,1250114456
2015-09-11,5.0800,5.5300,5.0200,5.4100,1774513482
2015-09-04,5.4200,5.4900,5.1100,5.1400,1507992506
2015-08-28,5.5500,5.8000,5.3400,5.3700,2422529493
2015-08-21,6.2000,6.2600,5.7000,5.8000,1518140139
2015-08-14,6.3800,6.4800,6.1700,6.2200,1022914744
2015-08-07,6.2800,6.4300,6.2100,6.4100,708295415
2015-07-31,6.3800,6.4400,6.2000,6.3300,1298922067
2015-07-24,6.5800,6.6000,6.4100,6.4600,862645460
2015-07-17,6.5000,6.6400,6.3800,6.5400,1378015593
2015-07-10,7.1000,7.1600,6.1000,6.5200,3238925664
2015-07-03,7.1200,7.1500,6.7800,7.0500,1743172382
2015-06-26,7.5500,7.6600,7.0200,7.0900,1971576722
2015-06-19,7.6800,7.6900,7.3700,7.5400,2261268555
2015-06-12,7.7600,7.9200,7.5700,7.7600,1806234815
2015-06-05,7.7200,7.9800,7.6200,7.7900,2274185207
2015-05-29,7.9000,7.9800,7.4800,7.7900,2287611373
2015-05-22,7.5000,7.7200,7.3000,7.7200,1380168519
2015-05-15,7.4500,7.4900,7.2600,7.4400,1492279512
2015-05-08,7.6000,7.7000,7.2500,7.3800,1809570711
2015-04-30,7.6100,7.8500,7.5300,7.5500,1773603524
2015-04-24,7.8000,7.8500,7.3600,7.6100,2701322964
2015-04-17,7.1100,7.9300,7.1100,7.6100,3785882305
2015-04-10,6.6800,7.1900,6.6500,7.1000,2216076461
2015-04-02,6.4500,6.5700,6.4000,6.5600,1462948836
2015-03-27,6.4800,6.5000,6.3100,6.3100,962938142
2015-03-20,6.3500,6.5000,6.3100,6.4800,1023224619
2015-03-13,6.1500,6.3900,6.1200,6.3300,1340348478
2015-03-06,6.5300,6.5300,6.1600,6.1900,1347615867
2015-02-27,6.4200,6.5100,6.3700,6.4500,1064206557
2015-02-18,6.4200,6.4600,6.3900,6.4400,389116941
2015-02-13,6.2600,6.4200,6.2100,6.4100,897620499
2015-02-06,6.2000,6.5000,6.1300,6.3100,1361286697
2015-01-30,6.5000,6.5000,6.2000,6.2300,1268088132
2015-01-23,6.3200,6.5300,6.0600,6.4900,1616993267
2015-01-16,6.4600,6.5000,6.3100,6.3800,1148726256
2015-01-09,6.4800,6.6200,6.3700,6.4500,1761052920
2015-01-02,6.3600,6.5000,6.2500,6.5000,1485100899
2014-12-24,6.1500,6.3700,6.1300,6.1700,974804527
2014-12-19,5.9300,6.1800,5.9100,6.1200,1784546007
2014-12-12,6.2500,6.4200,5.9600,6.0000,2883370258
2014-12-05,5.8100,6.2700,5.7100,6.1700,3086324154
2014-11-28,5.7100,5.9200,5.6600,5.8800,1640560991
2014-11-21,5.7900,5.8000,5.5500,5.6000,836334812
2014-11-14,5.7700,5.8000,5.6900,5.7800,960188997
2014-11-07,5.8000,5.8100,5.6300,5.6500,927737486
2014-10-31,5.6100,5.8000,5.5300,5.7800,1326816020
2014-10-24,5.5500,5.6400,5.5000,5.5900,829010536
2014-10-17,5.4500,5.6000,5.4300,5.5100,943926815
2014-10-10,5.4600,5.6000,5.4200,5.4900,1002095274
2014-10-03,5.3500,5.5000,5.3400,5.4600,362489531
2014-09-30,5.5700,5.6000,5.4300,5.4400,608016391
2014-09-26,5.6700,5.7600,5.5600,5.6300,963973734
2014-09-19,5.7000,5.8300,5.6900,5.7100,986346005
2014-09-12,5.9900,5.9900,5.7300,5.7800,708669420
2014-09-05,5.7400,5.9800,5.6300,5.9500,1446966624
2014-08-29,5.8500,5.9400,5.7200,5.7600,817551690
2014-08-22,5.9100,5.9300,5.8000,5.8900,721831933
2014-08-15,5.8700,5.9700,5.8100,5.9100,825896109
2014-08-08,5.9900,5.9900,5.7300,5.7800,770885365
2014-08-01,5.8300,6.0000,5.8300,5.9200,1306412908
2014-07-25,5.6200,5.8400,5.5500,5.8200,1086568642
2014-07-18,5.5800,5.6400,5.5100,5.5800,668015737
2014-07-11,5.6300,5.6900,5.5100,5.5600,803239263
2014-07-04,5.8300,5.8700,5.5200,5.6400,905358903
2014-06-27,5.8100,5.8800,5.7100,5.8300,990413280
2014-06-20,5.8500,5.8800,5.7500,5.8500,1122753633
2014-06-13,5.7100,5.8800,5.7000,5.8700,1140485348
2014-06-06,5.7800,5.8000,5.6800,5.6900,932677990
2014-05-30,5.6400,5.7300,5.5800,5.6900,1186326495
2014-05-23,5.5400,5.6500,5.4300,5.6200,1154099389
2014-05-16,5.3000,5.5400,5.2700,5.5100,1096992900
2014-05-09,5.3200,5.3800,5.2500,5.3000,829562418
2014-05-02,5.3200,5.4000,5.3000,5.3200,776333358
2014-04-25,5.4200,5.4500,5.3000,5.3100,770972696
2014-04-17,5.4400,5.5300,5.3800,5.4500,871330704
2014-04-11,5.4000,5.6400,5.4000,5.4700,1742025750
2014-04-04,5.4300,5.4700,5.3300,5.4000,1253634090
2014-03-28,5.0800,5.4200,5.0400,5.3600,1431673137
2014-03-21,5.0500,5.0700,4.8900,5.0000,1510135991
2014-03-14,5.1600,5.1700,5.0100,5.0300,1353644176
2014-03-07,5.3000,5.3700,5.1600,5.2400,1222739913
2014-02-28,5.3000,5.4100,5.2000,5.3300,1166778135
2014-02-21,5.4100,5.4800,5.3000,5.3100,946068112
2014-02-14,5.2200,5.4400,5.1700,5.3900,1323458773
2014-02-07,5.2000,5.2800,5.1700,5.2600,1078200057
2014-01-30,5.3100,5.4700,5.2500,5.3900,1230320150
2014-01-24,5.4400,5.6700,5.3500,5.4000,1632438440
2014-01-17,5.6100,5.6400,5.4500,5.4900,1140027476
2014-01-10,5.6300,5.6600,5.5000,5.5500,1654926046
2014-01-03,5.9200,5.9400,5.6600,5.6800,853023634
2013-12-27,5.8500,5.9100,5.8400,5.9100,152055575
2013-12-24,5.8600,5.9300,5.8100,5.9100,339421464
2013-12-20,5.9600,6.0100,5.7600,5.8300,1497948487
2013-12-13,6.3300,6.3300,5.9100,6.0100,1360197790
2013-12-06,6.2800,6.3500,6.1300,6.2700,1222009447
2013-11-29,6.3300,6.3400,6.1800,6.2800,1103559001
2013-11-22,6.0900,6.3700,6.0700,6.2700,2085629743
2013-11-15,5.9300,6.0600,5.7800,5.9700,1232815888
2013-11-08,6.0800,6.1000,5.8500,5.9000,968486605
2013-11-01,5.7500,6.0900,5.7400,6.0500,1180067512
2013-10-25,6.1200,6.1200,5.6700,5.7100,1412628871
2013-10-18,6.1000,6.1200,5.9800,6.0500,657136416
2013-10-11,6.0400,6.0900,5.9400,6.0400,927835364
2013-10-04,5.9800,6.0800,5.9500,6.0700,843231235
2013-09-27,6.2100,6.2100,5.9400,6.0600,1226775483
2013-09-19,6.1400,6.2500,6.0800,6.2100,893217836
2013-09-13,5.9700,6.1500,5.9600,6.0400,1755218213
2013-09-06,5.7800,5.9600,5.7300,5.9500,3986347353
2013-08-30,5.7900,5.8800,5.6000,5.6800,1035110856
2013-08-23,5.9600,5.9900,5.6200,5.7900,1048188974
2013-08-16,5.6000,6.0400,5.5900,5.9500,1213902254
2013-08-09,5.8300,5.8300,5.5500,5.6400,605585849
2013-08-02,5.7800,5.8600,5.7000,5.7900,996175127
2013-07-26,5.5000,5.8500,5.4200,5.7800,1308080249
2013-07-19,5.4600,5.6000,5.4100,5.4900,1036372170
2013-07-12,5.3000,5.5800,5.1500,5.4400,1360092991
2013-07-05,5.4800,5.5100,5.1300,5.3600,1231220117
2013-06-28,5.1200,5.5300,5.0000,5.4900,2210732727
2013-06-21,5.5000,5.6600,5.0100,5.1900,2456507231
2013-06-14,6.1200,6.2000,5.4500,5.4700,1808685480
2013-06-07,6.2800,6.4000,6.0600,6.0900,1276508167
2013-05-31,6.3000,6.4200,6.2500,6.3000,1005252271
2013-05-24,6.5200,6.5800,6.2400,6.3000,1132224267
2013-05-16,6.6000,6.6100,6.4000,6.4500,881219875
2013-05-10,6.5600,6.6500,6.4700,6.6400,1124645149
2013-05-03,6.3800,6.5700,6.3700,6.4600,903125593
2013-04-26,6.2600,6.4500,6.1000,6.3800,1123619331
2013-04-19,6.1800,6.2400,5.9800,6.2400,1280229822
2013-04-12,6.0900,6.2500,6.0600,6.2000,1038279100
2013-04-05,6.2400,6.3900,6.0500,6.0700,863573868
2013-03-28,6.2300,6.4200,6.2000,6.3400,1182528307
2013-03-22,6.2000,6.3000,6.0400,6.1700,1268668080
2013-03-15,6.4400,6.5200,6.1500,6.2700,1570019455
2013-03-08,6.3900,6.4700,6.1300,6.4400,1520097989
2013-03-01,6.3000,6.4300,6.1500,6.3400,1275063953
2013-02-22,6.5700,6.5900,6.2600,6.2900,1112642368
2013-02-15,6.6000,6.6000,6.4700,6.5500,461577796
2013-02-08,6.7300,6.7500,6.3800,6.4200,1092294451
2013-02-01,6.7000,6.7500,6.6100,6.6900,1249834482
2013-01-25,6.6300,6.7200,6.5800,6.6700,983131938
2013-01-18,6.5300,6.6400,6.4600,6.6300,1151077388
2013-01-11,6.5100,6.5500,6.3500,6.4600,1169026020
2013-01-04,6.2400,6.5200,6.2000,6.5000,1038155888
2012-12-28,6.2400,6.3000,6.2200,6.2400,328203949
2012-12-24,6.1900,6.2200,6.1800,6.2100,100794712
2012-12-21,6.2900,6.3700,6.1100,6.1400,1379462096
2012-12-14,6.1600,6.3000,6.0800,6.2800,1366594410
2012-12-07,5.9700,6.1500,5.8000,6.0700,1502493572
2012-11-30,5.9800,5.9800,5.7700,5.9400,1200116022
2012-11-23,5.6900,5.9600,5.6400,5.9400,1316451854
2012-11-16,5.7200,5.8500,5.6500,5.6900,1090526534
2012-11-09,5.9400,6.0000,5.7100,5.7400,1338049455
2012-11-02,5.8000,5.9700,5.6600,5.9400,1202963429
2012-10-26,5.8000,5.8700,5.7200,5.7400,830915258
2012-10-19,5.7100,5.8800,5.6400,5.8000,1524284764
2012-10-12,5.4700,5.8200,5.3800,5.7600,1667794960
2012-10-05,5.4800,5.4800,5.3800,5.4700,633628136
2012-09-28,5.2400,5.4300,5.1800,5.3800,1262110463
2012-09-21,5.1900,5.3300,5.1400,5.3000,1414461498
2012-09-14,5.1400,5.2000,4.9300,5.1700,3215221681
2012-09-07,5.0800,5.1900,4.9400,5.1800,1216903202
2012-08-31,5.3100,5.3300,5.0700,5.1000,1075819229
2012-08-24,5.3700,5.3900,5.2500,5.2600,672459042
2012-08-17,5.3300,5.4300,5.3000,5.3900,921618690
2012-08-10,5.3700,5.3800,5.2800,5.3300,994002142
2012-08-03,5.0000,5.3500,5.0000,5.2700,1420615890
2012-07-27,4.8700,4.9900,4.7600,4.9400,1056596999
2012-07-20,4.8000,4.9700,4.7300,4.9500,1239111938
2012-07-13,5.1100,5.1800,4.7100,4.7800,1602588886
2012-07-06,5.4000,5.4000,5.1300,5.1500,944014980
2012-06-29,5.2200,5.3300,5.1000,5.2900,1239619932
2012-06-22,5.4000,5.4000,5.2000,5.2200,861240273
2012-06-15,5.4000,5.4000,5.0800,5.2800,1880009185
2012-06-08,5.3400,5.5600,5.2300,5.2800,1451866994
2012-06-01,5.1400,5.4400,5.1300,5.4200,2376976439
2012-05-25,5.2000,5.3300,5.0500,5.1500,1282281494
2012-05-18,5.6300,5.6300,5.0900,5.1800,1820169308
2012-05-11,5.8500,5.8600,5.5500,5.5900,1350374631
2012-05-04,5.9600,6.1800,5.9300,5.9400,2931334426
2012-04-27,6.0700,6.0800,5.8800,5.9100,1054967255
2012-04-20,6.1400,6.1700,5.9300,6.0800,1338878278
2012-04-13,5.9700,6.2200,5.8700,6.2100,978074533
2012-04-05,6.0600,6.1400,5.9600,6.0000,590748526
2012-03-30,5.9300,6.1000,5.9100,6.0000,1073653042
2012-03-23,6.1700,6.2000,5.9800,5.9900,821338475
2012-03-16,6.2600,6.4500,6.1800,6.2700,1032906132
2012-03-09,6.5100,6.5400,6.1300,6.2900,1176919545
2012-03-02,6.4100,6.6200,6.3100,6.5600,1556325808
2012-02-24,6.5700,6.6000,6.4000,6.4900,1129863775
2012-02-17,6.2100,6.5000,6.1700,6.4700,1176302329
2012-02-10,6.5200,6.5200,6.1700,6.2200,1305946681
2012-02-03,6.2400,6.4000,6.0500,6.3900,1554542466
2012-01-27,6.2000,6.2500,6.1300,6.2300,606693556
2012-01-20,5.7000,6.1800,5.6800,6.0800,1816002268
2012-01-13,5.4400,5.7700,5.3700,5.7400,1428575012
2012-01-06,5.5000,5.5400,5.4100,5.4300,605141417
2011-12-31,5.5400,5.5400,0.0000,0.0000,460534580
2011-12-24,5.3700,5.5700,0.0000,0.0000,985403622
2011-12-16,5.5800,5.6100,5.3300,5.4500,1034355907
2011-12-09,5.6500,5.7300,5.4800,5.5400,1382936180
2011-12-02,5.3200,5.7100,5.1300,5.6500,3928652614
2011-11-25,5.2800,5.4400,5.1100,5.1800,1495862516
2011-11-18,5.6600,5.7000,5.3400,5.4000,6380000658
2011-11-11,5.7900,5.8200,5.3900,5.4700,1425000082
2011-11-04,5.8500,5.9500,5.5300,5.8200,1364411058
2011-10-28,5.2900,5.9700,5.2300,5.8500,1993352768
2011-10-21,5.2300,5.2600,4.9600,5.1200,988151877
2011-10-14,4.9000,5.3000,4.7300,5.1400,1614200955
2011-10-07,4.6100,4.8800,4.4100,4.8400,1627844864
2011-09-30,5.0500,5.2100,4.7000,4.7900,1801021462
2011-09-23,5.5900,5.6100,4.9700,5.0200,1731723018
2011-09-16,5.5500,5.7500,5.3600,5.6800,1110535755
2011-09-09,5.6300,5.8000,5.4400,5.7400,1246599124
2011-09-02,5.4100,5.9300,5.2900,5.7400,8535298107
2011-08-26,5.2700,5.5400,5.0200,5.2900,1488602066
2011-08-19,5.4000,5.6400,5.2300,5.2700,1385549590
2011-08-12,5.6700,5.7300,5.1000,5.2800,2603487252
2011-08-05,6.3900,6.4000,5.7400,5.8200,1546368023
2011-07-29,6.2000,6.4200,6.1500,6.2800,1243746546
2011-07-22,5.9300,6.2500,5.9200,6.2300,1276967911
2011-07-15,6.2600,6.2700,5.9400,5.9600,1720996271
2011-07-08,6.5900,6.6000,6.2500,6.3000,3282347030
2011-06-30,6.4000,6.5000,6.3200,6.4500,981580529
2011-06-24,6.6600,6.7100,6.2100,6.4900,2015252401
2011-06-17,6.7400,7.0300,6.6000,6.6400,1341616725
2011-06-10,6.9300,7.0900,6.8000,6.8400,1467085509
2011-06-03,7.1900,7.3600,7.0500,7.0600,1368605026
2011-05-27,7.1600,7.2600,7.0100,7.2100,927985657
2011-05-20,7.2000,7.3000,7.1000,7.2300,719331607
2011-05-13,7.1900,7.3200,7.1000,7.2100,766479722
2011-05-06,7.4800,7.4800,7.1000,7.1900,1116212745
2011-04-29,7.4100,7.5500,7.3000,7.3400,825870447
2011-04-21,7.3700,7.5000,7.1800,7.4800,922618942
2011-04-15,7.4100,7.5200,7.2900,7.4000,1009337628
2011-04-08,7.5000,7.5800,7.4500,7.5000,1083981048
2011-04-01,7.2700,7.4400,7.1000,7.4200,1794523664
2011-03-25,7.0000,7.3400,6.9700,7.3200,1314248798
2011-03-18,7.1000,7.1100,6.7300,6.9500,1603773573
2011-03-11,6.9700,7.2200,6.9100,7.0500,1646620094
2011-03-04,6.6300,7.0100,6.6300,6.9700,1509607593
2011-02-25,6.8600,6.8800,6.5600,6.7000,1107971638
2011-02-18,6.6000,6.9100,6.5600,6.8900,1337077689
2011-02-11,6.9000,6.9100,6.5200,6.6000,1574301467
2011-02-02,6.7700,6.9000,6.7600,6.9000,729548469
2011-01-28,7.0200,7.0700,6.8300,6.8700,1065114414
2011-01-21,7.2800,7.3100,7.0000,7.0300,1047027418
2011-01-14,7.1300,7.4200,6.9600,7.3200,1295171494
2011-01-07,7.0000,7.1500,6.9400,7.0700,853918855
2010-12-31,6.6800,7.0000,6.6600,6.9700,596950872
2010-12-24,6.9500,7.0000,6.7600,6.7800,830992276
2010-12-17,7.0300,7.1500,6.8500,6.9700,1079158040
2010-12-10,7.1500,7.1900,6.8600,6.9800,1219982221
2010-12-03,6.9400,7.3100,6.9100,7.1000,1339629772
2010-11-26,7.1600,7.2700,6.9500,6.9600,1199131369
2010-11-19,7.4000,7.4300,7.0700,7.2300,1469331375
2010-11-12,7.8771,7.9450,7.4100,7.4300,1624419282
2010-11-05,7.3144,8.2166,7.1689,8.0517,1946211481
2010-10-29,7.2659,7.3241,7.0428,7.1689,907988625
2010-10-22,7.2174,7.3532,7.0428,7.1980,1279798512
2010-10-15,6.8003,7.2271,6.7033,7.2174,1874111020
2010-10-08,6.5966,6.8197,6.5190,6.6742,1643591043
2010-09-30,6.6839,6.6839,6.4802,6.5966,1126479736
2010-09-24,6.5966,6.6451,6.4802,6.5869,719776979
2010-09-17,6.4607,6.6936,6.3831,6.6548,1406319098
2010-09-10,6.3540,6.4511,6.3055,6.4123,900989980
2010-09-03,6.3055,6.3540,6.1600,6.2958,786005188
2010-08-27,6.3152,6.3443,6.1988,6.2279,493389594
2010-08-20,6.2958,6.4898,6.2958,6.3443,416443794
2010-08-13,6.6645,6.6936,6.2279,6.3637,1189298664
2010-08-06,6.4996,6.6742,6.4996,6.6645,501597363
2010-07-30,6.3734,6.4317,6.3346,6.3928,334526959
2010-07-23,6.0727,6.3831,6.0630,6.3831,723495993
2010-07-16,6.1891,6.4317,6.1115,6.1309,1296075228
2010-07-09,5.9854,6.1794,5.9175,6.1406,1151855319
2010-07-02,6.5481,6.5578,5.9951,6.0145,1281640196
2010-06-25,6.3055,6.5384,6.2958,6.4996,1754044664
2010-06-18,6.0824,6.2279,6.0436,6.2085,830320757
2010-06-11,5.8787,6.1018,5.8690,6.0048,934178816
2010-06-04,6.0727,6.1406,5.9272,6.0533,937233819
2010-05-28,6.0824,6.1406,5.8108,6.0824,1694951137
2010-05-20,6.0727,6.1406,5.9078,5.9660,890915650
2010-05-14,6.2473,6.2473,6.0242,6.1309,1435473374
2010-05-07,6.1212,6.2182,5.8981,6.0921,1755604686
2010-04-30,6.2279,6.2667,5.9563,6.2279,1404454252
2010-04-23,6.2764,6.4511,6.1115,6.1309,1622837182
2010-04-16,6.7421,6.7421,6.3346,6.3928,1731957647
2010-04-09,6.4607,6.6936,6.4219,6.6548,1397736275
2010-04-01,5.9272,6.3249,5.9175,6.3055,1579692706
2010-03-26,6.0145,6.0727,5.8302,5.9078,1271708436
2010-03-19,5.9272,6.1115,5.8690,6.0727,1106929957
2010-03-12,6.0436,6.0727,5.9272,6.0048,1314300803
2010-03-05,5.7914,6.0339,5.7429,5.9175,2613183615
2010-02-26,5.7332,5.8011,5.5780,5.6944,1330989158
2010-02-19,5.9078,5.9272,5.5877,5.5974,559401889
2010-02-12,5.6459,5.8593,5.5489,5.7817,1188144299
2010-02-05,5.8205,5.9951,5.6265,5.6362,1616687150
2010-01-29,5.9563,6.0339,5.7235,5.8011,1636949030
2010-01-22,5.8884,6.2376,5.8011,6.0145,2496259820
2010-01-15,6.4219,6.5190,5.9175,5.9563,2236526419
2010-01-08,6.4607,6.5966,6.3055,6.3346,1296104993
2009-12-31,6.4802,6.5384,6.2182,6.4704,761636461
2009-12-24,6.1600,6.4704,6.0630,6.4219,820207038
2009-12-18,6.4511,6.7712,6.1503,6.1697,1762948630
2009-12-11,6.9070,7.0040,6.5190,6.6354,1243181452
2009-12-04,6.6257,7.0525,6.5675,6.9652,1316769209
2009-11-27,6.9361,7.2077,6.3249,6.3637,2306431243
2009-11-20,7.0137,7.2368,6.8391,6.8973,989302124
2009-11-13,6.6063,6.9458,6.5772,6.9167,1226266432
2009-11-06,6.4123,6.6936,6.3540,6.5675,1120532441
2009-10-30,6.6451,6.7809,6.3540,6.6063,1227073992
2009-10-23,6.4898,6.8876,6.4802,6.8391,1360725209
2009-10-16,6.3831,6.6742,6.2861,6.5384,1575795637
2009-10-09,5.8884,6.3734,5.8884,6.3346,1515299244
2009-10-02,5.9757,6.1115,5.8205,5.9078,858854248
2009-09-25,6.2473,6.3540,5.9272,6.0533,1334264907
2009-09-18,6.0630,6.3734,6.0242,6.2861,1430316827
2009-09-11,5.9563,6.1891,5.8981,6.1212,1863691238
2009-09-04,5.5586,5.8690,5.5295,5.8593,1527804247
2009-08-28,5.8690,5.8690,5.6459,5.6750,1520176338
2009-08-21,5.8108,5.8884,5.5974,5.6653,1915318387
2009-08-14,5.6750,5.9660,5.6556,5.9272,2115005093
2009-08-07,6.0727,6.1406,5.5295,5.5780,2227599586
2009-07-31,5.9660,6.1018,5.8399,6.0630,1934950856
2009-07-24,5.7720,5.9951,5.6944,5.9272,1667433814
2009-07-17,5.3840,5.7235,5.1996,5.6847,1766746854
2009-07-10,5.6847,5.7332,5.3452,5.4325,1578712779
2009-07-03,5.8690,6.0048,5.6944,5.7720,1469153247
2009-06-26,5.5683,5.9369,5.3840,5.8690,2985807399
2009-06-19,5.4519,5.6265,5.3354,5.5780,4329737227
2009-06-12,4.9474,5.5295,4.8504,5.4519,4485246150
2009-06-05,5.0153,5.1123,4.8601,5.0347,2730414717
2009-05-29,4.6467,4.9280,4.5691,4.8892,2686953569
2009-05-22,4.5594,4.8989,4.5594,4.6564,2690994354
2009-05-15,4.9571,5.0735,4.4721,4.6467,21481189867
2009-05-08,4.5594,5.1123,4.4236,5.0929,3488621627
2009-04-30,4.2490,4.4430,4.0355,4.3848,1580099443
2009-04-24,4.4624,4.6370,4.1714,4.2878,1835023855
2009-04-17,4.5982,4.7340,4.5012,4.5594,1424870163
2009-04-09,4.5206,4.6370,4.3460,4.5982,1167631461
2009-04-03,4.3848,4.4624,4.0938,4.4042,1971372460
2009-03-27,4.2490,4.6855,4.2199,4.5594,1760771292
2009-03-20,4.0258,4.3654,3.9967,4.0355,1814137890
2009-03-13,3.9579,3.9773,3.7251,3.9579,1465758657
2009-03-06,3.7057,3.9676,3.5505,3.9482,2398952762
2009-02-27,3.7057,3.8900,3.6669,3.8318,1813075037
2009-02-20,3.8997,4.0549,3.5893,3.6572,1430350500
2009-02-13,4.0355,4.2296,3.8318,3.8997,1113080288
2009-02-06,3.7445,3.9773,3.4050,3.9676,1375965534
2009-01-30,3.7833,3.8803,3.6863,3.7348,944784982
2009-01-23,3.8706,3.9094,3.5311,3.5796,1538420533
2009-01-16,3.8027,3.8512,3.5117,3.7930,3311072640
2009-01-09,4.4624,4.5691,3.7348,3.8027,9264038765
2009-01-02,4.1811,4.3848,4.0355,4.3848,837438328
2008-12-24,4.6952,4.7049,4.0743,4.1811,627446794
2008-12-19,4.5594,4.6952,4.2296,4.6564,2207278309
2008-12-12,4.4624,4.8601,4.3654,4.4527,2580854825
2008-12-05,3.9385,4.3072,3.8997,4.2781,1537013828
2008-11-28,3.5893,4.2684,3.5699,3.9676,1887012320
2008-11-21,4.0743,4.1228,3.2983,3.6960,2213173201
2008-11-14,3.9094,4.4236,3.7639,4.0161,2246197210
2008-11-07,3.5893,4.3460,3.5505,3.9094,2549404082
2008-10-31,2.8132,3.7639,2.4252,3.5893,4614172011
2008-10-24,3.4147,3.6766,2.7841,2.8229,2449136331
2008-10-17,3.8124,4.3460,3.3953,3.3953,3217096406
2008-10-10,4.4624,4.5109,3.4438,3.6378,2950324067
2008-10-03,5.0735,5.0929,4.3654,4.6564,1689541312
2008-09-26,5.4228,5.5198,4.9474,5.0735,1623681078
2008-09-19,5.4422,5.4422,4.0647,5.2773,3120254488
2008-09-12,5.7594,6.2085,5.3743,5.4422,2063106116
2008-09-05,6.0630,6.1503,5.7041,5.8205,1282073140
2008-08-29,5.9175,6.2764,5.8690,6.2085,1471051900
2008-08-22,5.9078,5.9951,0.0000,0.0000,1041390034
2008-08-15,6.5481,6.6354,5.8787,5.9175,960220586
2008-08-08,6.6354,6.7712,6.3734,6.5578,513102672
2008-08-01,6.6548,6.7906,6.4025,6.7712,866846938
2008-07-25,6.1891,6.8197,6.1891,6.6451,1578166061
2008-07-18,6.3928,6.3928,5.9272,6.2861,1508683105
2008-07-11,5.7235,6.6645,5.6459,6.3055,2152435539
2008-07-04,6.1309,6.1503,5.6168,5.7429,1612872704
2008-06-27,6.0533,6.3443,6.0048,6.0339,1411925155
2008-06-20,6.2279,6.3928,6.1018,6.1309,1041206736
2008-06-13,6.4898,6.4996,6.1697,6.1697,950880253
2008-06-06,6.7324,6.7712,6.5092,6.6839,1318478938
2008-05-30,6.4317,6.7421,6.3831,6.7421,1077598282
2008-05-23,6.7906,6.8876,6.5287,6.5675,1315595932
2008-05-16,6.6063,7.0622,6.5966,6.8391,1699553146
2008-05-09,6.9846,7.0525,6.5675,6.5869,1335919959
2008-05-02,6.7227,7.0719,6.6839,6.9749,1434332676
2008-04-25,6.1600,6.6839,6.0242,6.5287,1720558495
2008-04-18,6.3249,6.3540,5.9369,6.0242,1578559765
2008-04-11,6.3540,6.5287,6.0727,6.5190,1755263779
2008-04-03,5.7235,6.3831,5.5877,6.3055,1667348225
2008-03-28,5.1026,5.8205,5.1026,5.8011,1735600740
2008-03-20,4.9474,5.3354,4.7534,4.9765,2037492174
2008-03-14,5.3354,5.6653,5.1802,5.1996,1829588999
2008-03-07,5.7041,5.8981,4.8407,5.3937,1958411501
2008-02-29,5.4810,5.9951,5.3160,5.8690,1612886194
2008-02-22,5.8011,5.8302,5.3160,5.4228,1232065240
2008-02-15,5.4422,5.7526,5.1317,5.7235,1635247314
2008-02-06,5.8496,6.0533,5.4422,5.5198,1154574636
2008-02-01,5.7526,5.8205,5.1608,5.6847,2233691355
2008-01-25,5.8205,6.0533,4.7340,6.0048,3783389657
2008-01-18,6.2570,6.3928,5.4713,5.9369,2523772463
2008-01-11,5.9078,6.5481,5.7138,6.2570,2654544021
2008-01-04,6.3831,6.4413,5.9175,6.0339,1131150003
2007-12-28,6.7518,6.7615,6.3055,6.3734,561558625
2007-12-24,6.5384,6.7809,6.5287,6.7421,172617898
2007-12-21,6.5481,6.5578,6.2279,6.4802,1254354809
2007-12-14,7.7704,7.7704,6.5481,6.5966,1834192302
2007-12-07,7.2756,7.7510,7.1689,7.2465,1612622702
2007-11-30,7.2174,7.4939,6.9070,7.2756,1866461808
2007-11-23,7.2271,7.3241,6.6451,6.8779,1969707267
2007-11-16,7.4308,7.8577,7.0331,7.2174,2142890943
2007-11-09,7.8383,7.9838,7.4502,7.5861,1930859989
2007-11-02,7.8383,8.7016,7.7995,7.9838,2574207680
2007-10-26,6.7906,7.6151,6.7615,7.5181,2862354275
2007-10-18,7.1786,7.2562,6.8876,7.0816,1418210618
2007-10-12,7.0622,7.4017,6.9264,7.1786,2054655935
2007-10-05,7.1495,7.2756,6.7227,6.8876,1880140366
2007-09-28,7.2465,7.4502,6.7712,6.8973,2004580005
2007-09-21,6.7712,7.2465,6.5578,7.2465,1717008203
2007-09-14,6.5772,6.8197,6.5190,6.7712,1331043421
2007-09-07,6.1600,6.7421,6.1115,6.7324,2147704018
2007-08-31,5.8205,6.4413,5.6847,6.3540,3044894495
2007-08-24,4.9183,5.7720,4.8989,5.6847,2713823927
2007-08-17,5.4713,5.4713,4.4915,4.7049,2286013531
2007-08-10,5.4616,5.6459,5.2579,5.3646,1498798997
2007-08-03,5.5295,5.7332,5.3646,5.5683,1783148731
2007-07-27,5.8108,5.8981,5.4034,5.4713,1603252088
2007-07-20,5.8108,5.8205,5.4907,5.8108,1174360656
2007-07-13,5.7235,5.8399,5.5780,5.7041,1746388607
2007-07-06,5.3160,5.7138,5.2287,5.6847,1554186944
2007-06-29,5.0929,5.3646,4.9183,5.2093,2218326462
2007-06-22,4.9474,5.2579,4.9474,5.1608,2729310388
2007-06-15,4.5012,4.8213,4.4139,4.7728,1946762651
2007-06-08,4.6467,4.6564,4.4139,4.4527,1147774440
2007-06-01,4.5982,4.6564,4.3751,4.6079,1364205442
2007-05-25,4.7049,4.7437,4.5400,4.5691,875434088
2007-05-18,4.8019,4.8504,4.6370,4.7146,1135652293
2007-05-11,4.7534,4.8310,4.6079,4.6176,1086165655
2007-05-04,4.7146,4.8019,4.5788,4.7437,932298755
2007-04-27,4.8213,4.8310,4.6661,4.7049,1208657172
2007-04-20,4.5109,4.8504,4.4624,4.7437,2587543623
2007-04-13,4.4818,4.6079,4.4236,4.5012,1152607641
2007-04-04,4.3654,4.4527,4.3072,4.4236,501341840
2007-03-30,4.3169,4.4042,4.2296,4.3266,926385640
2007-03-23,4.1908,4.4139,4.1616,4.3460,1144842296
2007-03-16,4.3557,4.3654,4.0647,4.2005,1685099960
2007-03-09,4.0355,4.3460,3.8803,4.2587,2729778714
2007-03-02,4.5497,4.5594,4.0841,4.1228,2449423325
2007-02-23,4.7049,4.7534,4.5691,4.5982,692574852
2007-02-16,4.7437,4.8310,4.6079,4.7534,1147755936
2007-02-09,4.4430,4.7922,4.4042,4.7437,1825731687
2007-02-02,4.5982,4.5982,4.3654,4.4527,1208117181
2007-01-26,4.6758,4.7922,4.4915,4.5594,1412712567
2007-01-19,4.6564,4.8407,4.5788,4.6467,1649042787
2007-01-12,4.7340,4.7825,4.4624,4.5885,2394422267
2007-01-05,4.8213,5.1899,4.6079,4.8795,1999489757
2006-12-29,4.8504,5.0153,4.7631,4.8019,1209929451
2006-12-22,4.1714,4.5109,4.1228,4.4721,1763748864
2006-12-15,4.0355,4.1714,3.9288,4.1422,1371408516
2006-12-08,3.8803,4.2102,3.8221,4.0258,1535067453
2006-12-01,4.0647,4.1034,3.6475,3.8997,2995091135
2006-11-24,3.8900,4.2878,3.8706,4.0743,2193267986
2006-11-17,3.5408,4.1228,3.5117,3.9482,4451100513
2006-11-10,3.4632,3.5699,3.4438,3.5505,1803859150
2006-11-03,3.4147,3.5020,3.3662,3.4826,1184820914
2006-10-27,3.5699,3.5893,3.4147,3.4147,1976569331
2006-10-20,3.5699,3.5796,3.5117,3.5699,1826130653
2006-10-13,3.3565,3.5893,3.3177,3.5602,3261024637
2006-10-06,3.2886,3.4341,3.2789,3.3759,2343875549
2006-09-29,3.2304,3.2983,3.1916,3.2692,1678719847
2006-09-22,3.2207,3.3080,3.1431,3.2401,2441078608
2006-09-15,3.3177,3.3177,3.1916,3.2207,1428258457
2006-09-08,3.2692,3.3274,3.2595,3.3177,1331671162
2006-09-01,3.2595,3.2983,3.2498,3.2692,631724821
2006-08-25,3.3371,3.3468,3.2498,3.2692,954990784
2006-08-18,3.4050,3.4050,3.3371,3.3565,874879287
2006-08-11,3.3759,3.4438,3.3662,3.4050,1074972837
2006-08-04,3.3177,3.4244,3.2595,3.3662,1437794639
2006-07-28,3.2692,3.3274,3.2595,3.2983,904501359
2006-07-21,3.2740,3.3468,3.2498,3.2983,1319035756
2006-07-14,3.3953,3.4438,3.2740,3.3225,1126436012
2006-07-07,3.4680,3.4923,3.3225,3.4195,1273642029
2006-06-30,3.2255,3.4923,3.2255,3.4438,2028485278
2006-06-23,3.2255,3.2498,3.1285,3.2255,910079109
2006-06-16,3.2498,3.2983,3.1043,3.2740,1518083992
2006-06-09,3.3468,3.4438,3.2498,3.2740,1799259920
2006-06-02,3.2498,3.3710,3.2013,3.3468,1559596528
2006-05-26,3.3710,3.3953,3.2013,3.2013,1789289187
2006-05-19,3.4195,3.4438,3.2983,3.3468,1526899373
2006-05-12,3.3953,3.5650,3.3710,3.4438,2314061291
2006-05-04,3.2740,3.3710,3.2498,3.3468,1057280631
2006-04-28,3.2740,3.2740,3.1043,3.2498,3019814727
2006-04-21,3.3225,3.3953,3.2498,3.2983,1421575590
2006-04-13,3.3468,3.3468,3.2740,3.3225,1862226521
2006-04-07,3.5408,3.5650,3.3468,3.3953,2348089157
2006-03-31,3.4438,3.5408,3.4438,3.5166,1422549861
2006-03-24,3.3953,3.5166,3.3710,3.4438,1443412486
2006-03-17,3.3468,3.4195,3.2983,3.3953,1107928646
2006-03-10,3.5650,3.5893,3.2740,3.3225,2636210327
2006-03-03,3.6136,3.6136,3.3953,3.5893,3528061676
2006-02-24,3.4680,3.7348,3.4438,3.6378,2926800193
2006-02-17,3.3225,3.7348,3.2740,3.4680,4577222340
2006-02-10,2.9588,3.2498,2.9345,3.1770,2844048924
2006-02-03,2.9588,3.0073,2.9345,2.9588,1009699444
2006-01-27,2.8860,3.0073,2.8375,2.9588,1657318667
2006-01-20,2.8860,2.9830,2.7890,2.9345,2778342653
2006-01-13,2.8375,2.9103,2.7890,2.8860,2319289201
2006-01-06,2.6192,2.8132,2.5950,2.8132,2566549478
2005-12-30,2.5465,2.6192,2.5465,2.5950,850097309
2005-12-23,2.4495,2.5950,2.4495,2.5707,2013738778
2005-12-16,2.4737,2.4737,2.4009,2.4737,872695016
2005-12-09,2.4737,2.4980,2.3767,2.4737,1546808822
2005-12-02,2.4980,2.5222,2.4495,2.4737,1611939929
2005-11-25,2.4252,2.4980,2.4009,2.4980,1810655038
2005-11-18,2.4009,2.4252,2.3525,2.4009,1184353744
2005-11-11,2.2797,2.4495,2.2554,2.4009,4541756539
2005-11-04,2.2797,2.2797,2.2554,2.2797,1251842599
