Date,Open,High,Low,Close,Adj Close,Volume
2014-04-13,null,null,null,null,null,null
2014-04-20,5.450000,5.450000,5.300000,5.310000,4.043252,770972696
2014-04-27,5.320000,5.400000,5.300000,5.320000,4.050866,776333358
2014-05-04,5.320000,5.380000,5.250000,5.300000,4.035637,829562418
2014-05-11,5.300000,5.540000,5.270000,5.510000,4.195539,1096992900
2014-05-18,5.540000,5.650000,5.430000,5.620000,4.279298,1154099389
2014-05-25,5.640000,5.730000,5.580000,5.690000,4.332599,1186326495
2014-06-01,5.690000,5.800000,5.680000,5.690000,4.332599,932677990
2014-06-08,5.710000,5.880000,5.700000,5.870000,4.469658,1140485348
2014-06-15,5.850000,5.880000,5.750000,5.850000,4.454430,1122753633
2014-06-22,5.810000,5.880000,5.710000,5.830000,4.439200,990413280
2014-06-29,5.830000,5.870000,5.520000,5.640000,4.294528,905358903
2014-07-06,5.630000,5.690000,5.510000,5.560000,4.525437,803239263
2014-07-13,5.580000,5.640000,5.510000,5.580000,4.541716,668015737
2014-07-20,5.620000,5.840000,5.550000,5.820000,4.737059,1086568642
2014-07-27,5.830000,6.000000,5.830000,5.920000,4.818451,1306412908
2014-08-03,5.990000,5.990000,5.730000,5.780000,4.704502,770885365
2014-08-10,5.870000,5.970000,5.810000,5.910000,4.810312,825896109
2014-08-17,5.910000,5.930000,5.800000,5.890000,4.794034,721831933
2014-08-24,5.850000,5.940000,5.720000,5.760000,4.688223,817551690
2014-08-31,5.740000,5.980000,5.630000,5.950000,4.842869,1446966624
2014-09-07,5.990000,5.990000,5.730000,5.780000,4.704502,708669420
2014-09-14,5.700000,5.830000,5.690000,5.710000,4.647527,986346005
2014-09-21,5.670000,5.760000,5.560000,5.630000,4.582412,963973734
2014-09-28,5.570000,5.600000,5.340000,5.460000,4.444045,970505922
2014-10-05,5.460000,5.600000,5.420000,5.490000,4.468462,1002095274
2014-10-12,5.450000,5.600000,5.430000,5.510000,4.484741,943926815
2014-10-19,5.550000,5.640000,5.500000,5.590000,4.549856,829010536
2014-10-26,5.610000,5.800000,5.530000,5.780000,4.704502,1326816020
2014-11-02,5.800000,5.810000,5.630000,5.650000,4.598691,927737486
2014-11-09,5.770000,5.800000,5.690000,5.780000,4.704502,960188997
2014-11-16,5.790000,5.800000,5.550000,5.600000,4.557994,836334812
2014-11-23,5.710000,5.920000,5.660000,5.880000,4.785894,1640560991
2014-11-30,5.810000,6.270000,5.710000,6.170000,5.021934,3086324154
2014-12-07,6.250000,6.420000,5.960000,6.000000,4.883566,2883370258
2014-12-14,5.930000,6.180000,5.910000,6.120000,4.981237,1784546007
2014-12-21,6.150000,6.370000,6.130000,6.170000,5.021934,974804527
2014-12-28,6.360000,6.500000,6.250000,6.500000,5.290530,1485100899
2015-01-04,6.480000,6.620000,6.370000,6.450000,5.249834,1761052920
2015-01-11,6.460000,6.500000,6.310000,6.380000,5.192859,1148726256
2015-01-18,6.320000,6.530000,6.060000,6.490000,5.282390,1616993267
2015-01-25,6.500000,6.500000,6.200000,6.230000,5.070769,1268088132
2015-02-01,6.200000,6.500000,6.130000,6.310000,5.135883,1361286697
2015-02-08,6.260000,6.420000,6.210000,6.410000,5.217276,897620499
2015-02-15,6.420000,6.460000,6.390000,6.440000,5.241693,389116941
2015-02-22,6.420000,6.510000,6.370000,6.450000,5.249834,1064206557
2015-03-01,6.530000,6.530000,6.160000,6.190000,5.038212,1347615867
2015-03-08,6.150000,6.390000,6.120000,6.330000,5.152162,1340348478
2015-03-15,6.350000,6.500000,6.310000,6.480000,5.274251,1023224619
2015-03-22,6.480000,6.500000,6.310000,6.310000,5.135883,962938142
2015-03-29,6.450000,6.570000,6.400000,6.560000,5.339365,1462948836
2015-04-05,6.560000,7.190000,6.560000,7.100000,5.778886,2216076461
2015-04-12,7.110000,7.930000,7.110000,7.610000,6.193990,3785882305
2015-04-19,7.800000,7.850000,7.360000,7.610000,6.193990,2701322964
2015-04-26,7.610000,7.850000,7.530000,7.550000,6.145154,1773603524
2015-05-03,7.600000,7.700000,7.250000,7.380000,6.006786,1809570711
2015-05-10,7.450000,7.490000,7.260000,7.440000,6.055622,1492279512
2015-05-17,7.500000,7.720000,7.300000,7.720000,6.283521,1380168519
2015-05-24,7.720000,7.980000,7.480000,7.790000,6.340496,2287611373
2015-05-31,7.720000,7.980000,7.620000,7.790000,6.340496,2274185207
2015-06-07,7.760000,7.920000,7.570000,7.760000,6.316079,1806234815
2015-06-14,7.680000,7.690000,7.370000,7.540000,6.137014,2261268555
2015-06-21,7.550000,7.660000,7.020000,7.090000,5.770747,1971576722
2015-06-28,7.120000,7.150000,6.780000,7.050000,6.039801,1743172382
2015-07-05,7.100000,7.160000,6.100000,6.520000,5.585744,3238925664
2015-07-12,6.500000,6.640000,6.380000,6.540000,5.602879,1378015593
2015-07-19,6.580000,6.600000,6.410000,6.460000,5.534342,862645460
2015-07-26,6.380000,6.440000,6.200000,6.330000,5.422970,1298922067
2015-08-02,6.280000,6.430000,6.210000,6.410000,5.491507,708295415
2015-08-09,6.380000,6.480000,6.170000,6.220000,5.328732,1022914744
2015-08-16,6.200000,6.260000,5.700000,5.800000,4.968914,1518140139
2015-08-23,5.550000,5.800000,5.340000,5.370000,4.600529,2422529493
2015-08-30,5.420000,5.490000,5.110000,5.140000,4.403486,1507992506
2015-09-06,5.080000,5.530000,5.020000,5.410000,4.634797,1774513482
2015-09-13,5.490000,5.680000,5.370000,5.580000,4.780438,1250114456
2015-09-20,5.460000,5.570000,5.200000,5.240000,4.489156,1542769182
2015-09-27,5.240000,5.300000,5.040000,5.270000,4.514858,1131624758
2015-10-04,5.360000,5.800000,5.270000,5.660000,4.848974,1564451897
2015-10-11,5.690000,5.850000,5.550000,5.750000,4.926078,1233830357
2015-10-18,5.700000,5.870000,5.680000,5.850000,5.011749,826392518
2015-10-25,5.950000,5.950000,5.620000,5.630000,4.823273,1177335905
2015-11-01,5.550000,5.850000,5.530000,5.630000,4.823273,1392641115
2015-11-08,5.570000,5.700000,5.420000,5.440000,4.660499,1323352782
2015-11-15,5.290000,5.620000,5.290000,5.590000,4.789005,1032952956
2015-11-22,5.600000,5.620000,5.350000,5.360000,4.591962,1180295393
2015-11-29,5.310000,5.460000,5.270000,5.330000,4.566260,1746848887
2015-12-06,5.360000,5.390000,5.150000,5.160000,4.420620,1086584409
2015-12-13,5.050000,5.370000,5.050000,5.290000,4.531992,1309102466
2015-12-20,5.250000,5.450000,5.250000,5.430000,4.651931,672022544
2015-12-27,5.450000,5.450000,5.280000,5.310000,4.549126,479284329
2016-01-03,5.270000,5.280000,4.980000,5.020000,4.300680,1527243908
2016-01-10,4.940000,5.010000,4.720000,4.730000,4.052235,1548596582
2016-01-17,4.650000,4.770000,4.480000,4.570000,3.915161,1753830774
2016-01-24,4.620000,4.770000,4.460000,4.730000,4.052235,1500555118
2016-01-31,4.750000,4.780000,4.420000,4.640000,3.975131,1214396384
2016-02-07,4.640000,4.640000,4.310000,4.310000,3.692417,586608717
2016-02-14,4.390000,4.720000,4.390000,4.610000,3.949430,1162855112
2016-02-21,4.630000,4.720000,4.500000,4.580000,3.923728,818461271
2016-02-28,4.560000,4.820000,4.500000,4.790000,4.103637,1192373157
2016-03-06,4.890000,4.890000,4.720000,4.800000,4.112205,1205719096
2016-03-13,4.860000,5.000000,4.800000,5.000000,4.283546,1102870560
2016-03-20,4.990000,5.020000,4.840000,4.860000,4.163607,753899232
2016-03-27,4.860000,5.090000,4.820000,4.910000,4.206442,1129387221
2016-04-03,4.910000,4.910000,4.750000,4.880000,4.180741,994754189
2016-04-10,4.830000,5.140000,4.830000,5.070000,4.343516,1284886238
2016-04-17,5.050000,5.130000,4.960000,5.050000,4.326382,1056964867
2016-04-24,5.060000,5.150000,4.930000,4.990000,4.274979,1103097347
2016-05-01,4.990000,5.030000,4.750000,4.760000,4.077936,912946022
2016-05-08,4.800000,4.810000,4.600000,4.620000,3.957997,932341629
2016-05-15,4.600000,4.660000,4.500000,4.560000,3.906594,1281895670
2016-05-22,4.540000,4.960000,4.540000,4.940000,4.232144,1452404469
2016-05-29,4.910000,5.160000,4.910000,5.090000,4.360650,2008249013
2016-06-05,5.120000,5.240000,5.070000,5.130000,4.394919,1174547492
2016-06-12,5.050000,5.170000,4.980000,5.050000,4.326382,1944934107
2016-06-19,5.100000,5.220000,4.730000,4.880000,4.180741,2216709209
2016-06-26,4.790000,5.140000,4.790000,5.120000,4.630334,1178816672
2016-07-03,5.180000,5.200000,4.980000,5.070000,4.585116,1416428865
2016-07-10,5.190000,5.480000,5.150000,5.410000,4.892599,1901315870
2016-07-17,5.390000,5.480000,5.350000,5.440000,4.919730,947308901
2016-07-24,5.480000,5.480000,5.180000,5.200000,4.702683,1952841479
2016-07-31,5.240000,5.390000,5.220000,5.380000,4.865469,878763727
2016-08-07,5.420000,5.780000,5.390000,5.690000,5.145821,1935720531
2016-08-14,5.660000,5.800000,5.640000,5.750000,5.200083,2004867245
2016-08-21,5.750000,5.850000,5.670000,5.770000,5.218170,1641367778
2016-08-28,5.770000,5.960000,5.720000,5.930000,5.362868,1819286131
2016-09-04,5.990000,6.140000,5.950000,6.100000,5.516609,1836663432
2016-09-11,5.950000,5.950000,5.750000,5.810000,5.254344,1380237684
2016-09-18,5.820000,6.100000,5.820000,5.930000,5.362868,1374675054
2016-09-25,5.890000,5.900000,5.710000,5.750000,5.200083,1273868995
2016-10-02,5.870000,5.950000,5.750000,5.920000,5.353824,722131965
2016-10-09,5.920000,5.970000,5.560000,5.660000,5.118690,1075582132
2016-10-16,5.650000,5.760000,5.590000,5.720000,5.172952,580604157
2016-10-23,5.720000,5.850000,5.580000,5.600000,5.064428,938420298
2016-10-30,5.640000,5.800000,5.570000,5.600000,5.064428,855392982
2016-11-06,5.610000,5.780000,5.420000,5.520000,4.992079,1504958796
2016-11-13,5.480000,5.570000,5.430000,5.480000,4.955905,1167877148
2016-11-20,5.500000,5.770000,5.440000,5.750000,5.200083,1494637642
2016-11-27,5.760000,5.910000,5.720000,5.800000,5.245301,2061843903
2016-12-04,5.750000,5.930000,5.740000,5.880000,5.317650,1098194095
2016-12-11,5.880000,5.920000,5.520000,5.550000,5.019210,1658188690
2016-12-18,5.540000,5.640000,5.420000,5.620000,5.082515,1371301684
2016-12-25,5.620000,5.980000,5.530000,5.970000,5.399042,2950843203
2017-01-01,5.970000,5.970000,5.790000,5.830000,5.272431,1063231396
2017-01-08,5.830000,5.950000,5.770000,5.870000,5.308606,1264725783
2017-01-15,5.860000,5.870000,5.770000,5.790000,5.236257,1171451495
2017-01-22,5.820000,5.860000,5.690000,5.800000,5.245301,1293389733
2017-01-29,5.800000,5.850000,5.720000,5.760000,5.209126,612552732
2017-02-05,5.810000,5.970000,5.720000,5.910000,5.344780,1830977582
2017-02-12,5.920000,6.450000,5.910000,6.350000,5.742700,3034509067
2017-02-19,6.350000,6.470000,6.280000,6.410000,5.796962,1766412897
2017-02-26,6.430000,6.450000,6.150000,6.150000,5.561827,1767297016
2017-03-05,6.150000,6.240000,6.010000,6.050000,5.471391,1257208015
2017-03-12,6.100000,6.450000,6.050000,6.440000,5.824092,1785421997
2017-03-19,6.410000,6.550000,6.340000,6.390000,5.778874,1275423349
2017-03-26,6.340000,6.470000,6.250000,6.250000,5.652264,1283495076
2017-04-02,6.300000,6.350000,6.140000,6.230000,5.634177,1064278941
2017-04-09,6.220000,6.300000,6.140000,6.260000,5.661308,767504980
2017-04-16,6.260000,6.300000,6.080000,6.180000,5.588958,853590337
2017-04-23,6.220000,6.410000,6.170000,6.320000,5.715569,1037952638
2017-04-30,6.320000,6.370000,6.150000,6.160000,5.570871,596075433
2017-05-07,6.230000,6.400000,6.130000,6.370000,5.760787,1057334575
2017-05-14,6.410000,6.480000,6.300000,6.320000,5.715569,1040230818
2017-05-21,6.360000,6.520000,6.260000,6.460000,5.842180,1293641589
2017-05-28,6.470000,6.650000,6.430000,6.600000,5.968790,1176372548
2017-06-04,6.690000,6.710000,6.430000,6.460000,5.842180,1802152811
2017-06-11,6.430000,6.480000,6.340000,6.390000,5.778874,1172727247
2017-06-18,6.420000,6.520000,6.100000,6.110000,5.525653,1232684107
2017-06-25,6.150000,6.190000,6.000000,6.050000,5.757947,1082209172
2017-07-02,6.030000,6.090000,5.920000,5.930000,5.643739,1134306516
2017-07-09,5.960000,6.480000,5.910000,6.400000,6.091051,1844093958
2017-07-16,6.470000,6.480000,6.320000,6.350000,6.043465,938099131
2017-07-23,6.360000,6.580000,6.350000,6.470000,6.157672,1460172655
2017-07-30,6.500000,6.650000,6.480000,6.600000,6.281396,1360852735
2017-08-06,6.650000,6.700000,6.320000,6.340000,6.033947,1796826043
2017-08-13,6.400000,6.720000,6.370000,6.510000,6.195741,1723841327
2017-08-20,6.520000,6.990000,6.510000,6.970000,6.633535,1484540648
2017-08-27,6.990000,7.100000,6.800000,6.810000,6.481259,1869700891
2017-09-03,6.780000,6.840000,6.670000,6.730000,6.405121,1051076569
2017-09-10,6.780000,6.840000,6.550000,6.630000,6.309948,1245822069
2017-09-17,6.700000,6.730000,6.600000,6.620000,6.300431,1032217391
2017-09-24,6.600000,6.600000,6.450000,6.480000,6.167189,1176164248
2017-10-01,6.480000,7.070000,6.480000,6.880000,6.547880,1471204132
2017-10-08,6.890000,7.030000,6.810000,6.960000,6.624018,1469414442
2017-10-15,7.050000,7.100000,6.770000,6.930000,6.595466,1418289668
2017-10-22,6.940000,7.070000,6.770000,6.990000,6.652570,1397813976
2017-10-29,7.100000,7.120000,6.850000,6.850000,6.519328,1366710706
2017-11-05,6.830000,6.940000,6.720000,6.830000,6.500294,1297938371
2017-11-12,6.810000,6.930000,6.680000,6.810000,6.481259,1255074017
2017-11-19,6.800000,7.080000,6.730000,7.010000,6.671605,1619230401
2017-11-26,7.030000,7.040000,6.780000,6.810000,6.481259,1308548099
2017-12-03,6.780000,6.870000,6.610000,6.650000,6.328983,1333524160
2017-12-10,6.650000,7.030000,6.640000,6.900000,6.566915,2194039306
2017-12-17,6.880000,7.050000,6.870000,7.050000,6.709674,1338826145
2017-12-24,7.050000,7.210000,7.050000,7.200000,6.852432,903395153
2017-12-31,7.200000,7.630000,7.200000,7.610000,7.242640,1752198686
2018-01-07,7.610000,7.780000,7.520000,7.780000,7.404434,1662481206
2018-01-14,7.820000,8.480000,7.740000,8.480000,8.070642,2932520249
2018-01-21,8.400000,9.080000,8.310000,9.050000,8.613127,3412781538
2018-01-28,9.150000,9.390000,8.670000,8.950000,8.517954,3123223021
2018-02-04,8.600000,9.090000,7.600000,7.720000,7.347330,4184891348
2018-02-11,7.800000,8.490000,7.620000,8.480000,8.070642,2034912204
2018-02-18,8.480000,8.600000,8.250000,8.440000,8.032574,1560733453
2018-02-25,8.540000,8.620000,7.940000,8.000000,7.613814,2612288000
2018-03-04,7.950000,8.250000,7.750000,8.200000,7.804159,2056094301
2018-03-11,8.400000,8.720000,8.320000,8.500000,8.089677,2199777110
2018-03-18,8.500000,8.600000,7.900000,8.090000,7.699470,1819617514
2018-03-25,8.090000,8.350000,7.950000,8.060000,7.670918,1397123091
2018-04-01,8.060000,8.160000,7.810000,7.930000,7.547193,823404999
2018-04-08,8.060000,8.250000,7.900000,8.170000,7.775608,1566708171
2018-04-15,8.170000,8.180000,7.850000,8.060000,7.670918,1596269198
2018-04-22,8.030000,8.250000,7.990000,8.080000,7.689952,1236757725
2018-04-29,8.150000,8.330000,7.970000,7.990000,7.604296,1193772281
2018-05-06,7.990000,8.240000,7.920000,8.200000,7.804159,1050129274
2018-05-13,8.290000,8.500000,8.100000,8.170000,7.775608,1334941971
2018-05-20,8.210000,8.320000,8.030000,8.080000,7.689952,952663109
2018-05-27,8.140000,8.140000,7.800000,7.960000,7.575745,2423719095
2018-06-03,8.060000,8.280000,8.010000,8.080000,7.689952,1497419502
2018-06-10,8.090000,8.130000,7.790000,7.790000,7.413951,1733128817
2018-06-17,7.790000,7.790000,7.330000,7.380000,7.023744,2013401679
2018-06-24,7.300000,7.440000,7.000000,7.250000,6.900019,2269223223
2018-07-01,7.250000,7.280000,6.950000,7.150000,6.804846,1854327301
2018-07-08,6.900000,7.050000,6.770000,6.950000,6.614501,1667606153
2018-07-15,6.920000,7.000000,6.610000,6.860000,6.860000,1589375588
2018-07-22,6.890000,7.290000,6.830000,7.110000,7.110000,1855111514
2018-07-29,7.050000,7.220000,6.840000,6.950000,6.950000,1402159692
2018-08-05,7.000000,7.140000,6.930000,7.020000,7.020000,1224215040
2018-08-12,6.870000,6.970000,6.660000,6.790000,6.790000,1373382613
2018-08-19,6.760000,6.990000,6.760000,6.910000,6.910000,1069632682
2018-08-26,7.000000,7.200000,6.890000,6.950000,6.950000,1491929013
2018-09-02,6.900000,7.000000,6.580000,6.670000,6.670000,1703888018
2018-09-09,6.670000,6.680000,6.330000,6.610000,6.610000,1559790358
2018-09-16,6.590000,6.950000,6.440000,6.900000,6.900000,1435584653
2018-09-23,6.800000,6.950000,6.750000,6.840000,6.840000,1158193312
2018-09-30,6.840000,6.860000,6.360000,6.380000,6.380000,1240852767
2018-10-07,6.470000,6.470000,6.030000,6.210000,6.210000,1929384415
2018-10-14,6.210000,6.280000,6.020000,6.200000,6.200000,1067402321
2018-10-21,6.250000,6.420000,6.100000,6.170000,6.170000,1815714426
2018-10-28,6.260000,6.620000,6.100000,6.580000,6.580000,1964416610
2018-11-04,6.450000,6.650000,6.370000,6.430000,6.430000,1455033525
2018-11-11,6.390000,6.530000,6.230000,6.530000,6.530000,1027028983
2018-11-18,6.560000,6.600000,6.360000,6.480000,6.480000,733147246
2018-11-25,6.540000,6.780000,6.490000,6.670000,6.670000,1274229823
2018-12-02,6.850000,6.880000,6.430000,6.490000,6.490000,1509276300
2018-12-09,6.400000,6.640000,6.330000,6.440000,6.440000,1235507715
2018-12-16,6.430000,6.500000,6.230000,6.360000,6.360000,1307210919
2018-12-23,6.250000,6.420000,6.240000,6.360000,6.360000,493972630
2018-12-30,6.410000,6.470000,6.220000,6.410000,6.410000,865451257
2019-01-06,6.470000,6.630000,6.370000,6.580000,6.580000,1483766164
2019-01-13,6.530000,6.660000,6.450000,6.630000,6.630000,1380851519
2019-01-20,6.630000,6.830000,6.610000,6.820000,6.820000,1353843185
2019-01-27,6.870000,7.100000,6.820000,7.000000,7.000000,1653418609
2019-02-03,7.050000,7.060000,6.790000,6.910000,6.910000,405551379
2019-02-10,6.950000,7.020000,6.800000,6.800000,6.800000,1230049571
2019-02-17,6.880000,7.000000,6.840000,6.940000,6.940000,1527218047
2019-02-24,6.960000,7.170000,6.880000,6.990000,6.990000,2790731806
2019-03-03,7.000000,7.160000,6.890000,6.890000,6.890000,2112608627
2019-03-10,6.950000,7.090000,6.870000,7.000000,7.000000,1372608296
2019-03-17,7.030000,7.090000,6.910000,6.940000,6.940000,1356427934
2019-03-24,6.810000,6.870000,6.730000,6.730000,6.730000,1875565460
2019-03-31,6.800000,6.990000,6.800000,6.960000,6.960000,1555700236
2019-04-07,6.990000,7.040000,6.800000,6.930000,6.930000,1529966025
2019-04-14,6.980000,7.210000,6.870000,7.060000,7.060000,2021308910
2019-04-18,7.140000,7.160000,7.030000,7.060000,7.060000,412431725
